order_id,product_id,qty,unit_price,discount
O00001,P053,3,114.41,0.00
O00002,P016,1,90.86,0.20
O00002,P007,1,16.79,0.05
O00003,P011,4,125.80,0.05
O00003,P023,5,96.95,0.20
O00003,P031,5,164.48,0.15
O00003,P015,2,115.56,0.20
O00004,P019,1,83.08,0.00
O00005,P022,2,222.53,0.00
O00006,P036,1,87.79,0.10
O00007,P046,1,110.66,0.15
O00007,P011,5,222.98,0.00
O00007,P004,1,86.11,0.00
O00007,P027,5,181.89,0.15
O00008,P043,3,77.85,0.00
O00008,P004,4,145.07,0.20
O00008,P032,2,18.34,0.00
O00009,P006,3,206.84,0.15
O00009,P039,4,53.91,0.00
O00009,P014,2,161.35,0.00
O00009,P031,1,80.54,0.05
O00010,P032,3,27.32,0.10
O00010,P025,2,95.89,0.05
O00010,P024,2,114.20,0.00
O00010,P029,4,69.52,0.20
O00011,P037,1,42.02,0.15
O00011,P043,1,25.99,0.00
O00011,P052,5,106.42,0.20
O00012,P036,1,210.99,0.20
O00012,P034,4,241.57,0.15
O00013,P037,2,121.67,0.00
O00013,P026,1,128.00,0.10
O00013,P052,5,170.99,0.10
O00013,P010,1,237.56,0.05
O00014,P011,2,203.06,0.00
O00014,P003,4,24.19,0.15
O00015,P013,2,209.35,0.00
O00015,P021,1,26.31,0.10
O00015,P026,5,84.89,0.00
O00015,P034,4,229.69,0.00
O00016,P008,4,41.65,0.10
O00016,P038,5,190.79,0.00
O00016,P060,1,142.85,0.00
O00016,P051,3,217.52,0.00
O00017,P017,4,165.41,0.10
O00017,P039,4,14.17,0.00
O00017,P026,2,156.46,0.15
O00017,P045,4,14.49,0.00
O00018,P004,4,230.59,0.00
O00018,P002,3,205.25,0.00
O00019,P018,4,215.26,0.15
O00019,P007,2,37.91,0.15
O00019,P029,3,71.00,0.05
O00020,P013,4,56.78,0.20
O00021,P048,4,191.07,0.20
O00021,P024,1,131.23,0.00
O00021,P005,3,178.83,0.05
O00021,P009,5,220.43,0.00
O00022,P013,2,210.05,0.00
O00022,P003,4,17.38,0.00
O00023,P018,3,206.75,0.10
O00023,P026,1,171.88,0.00
O00024,P032,5,114.29,0.20
O00024,P031,5,140.07,0.00
O00024,P011,3,188.49,0.15
O00025,P019,1,99.70,0.00
O00026,P055,2,163.60,0.15
O00026,P014,3,164.63,0.10
O00027,P056,1,121.14,0.00
O00028,P039,1,59.81,0.10
O00028,P052,3,179.61,0.15
O00029,P028,4,213.63,0.05
O00029,P017,2,119.33,0.15
O00029,P034,5,102.29,0.00
O00030,P033,3,142.55,0.10
O00031,P020,1,123.02,0.00
O00031,P018,3,216.06,0.00
O00031,P042,3,51.14,0.10
O00032,P058,1,202.32,0.20
O00032,P052,5,103.99,0.00
O00033,P047,1,165.56,0.00
O00033,P017,4,104.12,0.15
O00034,P038,5,204.91,0.00
O00035,P044,5,161.38,0.05
O00035,P059,3,129.28,0.20
O00036,P054,5,49.37,0.00
O00036,P031,2,186.52,0.15
O00037,P044,3,165.33,0.00
O00037,P023,2,187.32,0.00
O00038,P051,3,96.05,0.10
O00038,P019,4,213.54,0.05
O00038,P004,5,147.17,0.10
O00038,P005,4,222.90,0.10
O00039,P056,4,134.80,0.05
O00040,P056,2,38.64,0.00
O00041,P027,5,223.74,0.05
O00041,,3,216.28,0.00
O00041,P050,1,124.45,0.15
O00042,P021,1,6.14,0.00
O00042,P014,2,146.18,0.00
O00043,P051,1,36.69,0.05
O00043,P041,4,103.82,0.05
O00043,P025,1,14.23,0.00
O00043,P047,3,237.76,0.00
O00044,P002,1,158.53,0.00
O00044,P015,3,81.45,0.00
O00045,P033,5,79.99,0.00
O00045,P053,1,78.05,0.00
O00045,P030,5,151.10,0.00
O00045,P028,2,88.96,0.05
O00046,P049,2,45.39,0.20
O00046,P026,1,60.95,0.15
O00046,P999,2,184.84,0.10
O00047,P008,3,179.21,0.20
O00047,P003,4,219.74,0.00
O00048,P039,1,167.17,0.15
O00049,P004,1,107.10,0.05
O00050,P036,3,121.22,0.00
O00051,P045,1,78.76,0.15
O00051,P007,5,71.13,0.10
O00052,P027,1,130.33,0.10
O00052,P008,3,32.92,0.00
O00053,P013,5,53.93,0.00
O00053,P054,5,243.40,0.00
O00053,P046,4,77.35,0.00
O00053,P036,4,228.03,0.15
O00054,P022,2,5.66,0.15
O00054,P006,1,209.62,0.15
O00054,P032,2,237.60,0.20
O00054,P033,1,182.26,0.00
O00055,P042,0,116.89,0.00
O00055,P017,4,17.26,0.20
O00055,P012,1,213.79,0.00
O00056,P028,1,28.26,0.20
O00056,P057,1,7.36,0.00
O00056,P043,2,85.51,0.05
O00057,P057,1,96.28,0.00
O00057,P012,1,103.18,0.05
O00057,P018,4,174.02,0.05
O00058,P042,2,32.69,0.15
O00058,P047,1,245.47,0.20
O00058,P011,1,106.92,0.10
O00058,P031,5,171.20,0.00
O00059,P050,3,154.77,0.20
O00059,P044,2,123.34,0.05
O00059,P008,4,112.96,0.00
O00059,P017,3,8.02,0.20
O00060,P043,3,132.17,0.15
O00060,P045,5,28.32,0.15
O00061,P031,3,167.60,0.15
O00061,P025,2,210.55,1.50
O00062,P001,2,128.85,0.05
O00063,P056,2,23.33,0.05
O00063,P021,2,86.06,0.00
O00063,P004,5,59.55,0.15
O00063,P025,4,205.18,0.00
O00064,P029,5,114.77,0.20
O00064,P032,4,82.43,0.05
O00064,P048,1,30.14,0.05
O00064,P003,5,139.52,0.20
O00065,P051,5,240.97,0.15
O00066,P057,5,142.76,0.15
O00066,P043,4,237.83,0.00
O00066,P053,1,205.05,0.20
O00067,P022,5,193.01,0.10
O00067,P031,3,180.39,0.00
O00067,P007,2,5.53,0.00
O00067,P054,3,139.17,0.00
O00068,P003,2,125.63,0.20
O00069,P007,3,154.65,0.00
O00069,P008,4,57.81,0.20
O00069,P051,2,180.60,0.00
O00069,P049,4,16.38,0.15
O00070,P050,4,117.05,0.10
O00071,P032,1,134.93,0.00
O00071,P036,4,210.50,0.05
O00072,P045,5,47.53,0.20
O00072,P009,1,99.90,0.10
O00073,P033,4,107.56,0.10
O00073,P059,2,72.02,0.00
O00073,P019,4,202.17,0.00
O00074,P039,5,78.22,0.15
O00074,P036,3,179.40,0.10
O00074,P041,2,54.21,0.10
O00074,P046,3,173.21,0.15
O00075,P046,2,128.44,0.15
O00075,P041,3,179.03,0.20
O00076,P036,4,147.78,0.15
O00076,P046,4,170.18,0.20
O00076,P035,3,219.97,0.05
O00077,P034,1,11.18,0.00
O00078,P043,1,53.97,0.20
O00079,P019,3,40.86,0.00
O00079,,3,54.97,0.10
O00080,P023,4,30.10,0.20
O00081,P048,5,100.27,0.10
O00081,P051,3,174.76,0.00
O00082,P025,4,239.38,0.15
O00082,P021,5,18.17,0.15
O00082,P017,2,157.03,0.20
O00082,P056,4,208.34,0.15
O00083,P049,5,138.91,0.10
O00083,P013,2,77.06,0.00
O00083,P044,1,50.80,0.00
O00084,P025,1,109.97,0.10
O00085,P009,2,148.07,0.00
O00085,P001,3,119.24,0.00
O00085,P003,2,232.50,0.10
O00086,P050,5,211.56,0.00
O00087,P051,5,139.78,0.00
O00087,P051,3,133.71,0.00
O00087,P034,1,197.62,0.00
O00087,P027,5,136.56,0.00
O00088,P015,2,167.51,0.00
O00088,P024,3,58.51,0.20
O00088,P040,5,121.33,0.10
O00089,P008,3,114.18,0.15
O00090,P003,3,98.43,0.20
O00090,P008,4,67.85,0.15
O00091,P002,5,206.41,0.00
O00091,P033,5,114.15,0.00
O00091,P019,2,83.47,0.00
O00092,P011,5,135.63,0.15
O00093,P014,2,216.90,0.05
O00094,P014,5,208.03,0.15
O00095,P999,1,187.98,0.00
O00095,P002,4,180.62,0.00
O00095,P006,1,18.29,0.20
O00095,P017,5,22.25,0.20
O00096,P059,3,104.86,0.05
O00096,P041,4,111.08,0.00
O00097,P044,1,136.02,0.15
O00097,P047,5,20.48,0.15
O00097,P038,1,176.71,0.00
O00097,P023,5,30.99,0.20
O00098,P039,1,73.96,0.05
O00098,P025,4,206.41,0.00
O00098,P031,2,135.69,0.00
O00099,P051,5,77.26,0.15
O00099,P010,3,170.93,0.20
O00099,P056,3,239.55,0.00
O00099,P036,5,39.63,0.00
O00100,P037,5,101.54,0.10
O00101,P020,2,188.32,0.15
O00102,P014,4,226.87,0.20
O00102,P033,2,44.42,0.00
O00102,P040,3,52.60,0.00
O00103,P055,5,118.00,0.10
O00104,P019,1,66.41,0.00
O00105,P022,3,36.40,0.15
O00105,P016,1,74.85,0.00
O00105,P058,2,82.85,0.05
O00105,P022,5,166.55,0.15
O00106,P037,5,94.29,0.00
O00106,P028,2,6.17,0.00
O00107,P046,4,72.78,0.00
O00107,P009,3,220.07,0.05
O00108,P023,3,124.30,0.00
O00108,P012,5,25.07,0.00
O00108,P055,2,223.36,0.00
O00108,P017,1,183.21,0.00
O00109,P053,0,146.82,0.20
O00110,P059,1,140.13,0.10
O00110,P058,5,120.66,0.20
O00111,P024,4,59.70,0.20
O00111,P038,3,37.79,0.10
O00112,P026,3,128.02,0.15
O00113,P055,5,172.61,0.20
O00113,P033,2,114.31,0.00
O00114,P048,4,235.09,0.00
O00114,P015,4,61.77,0.00
O00115,P015,1,168.79,0.10
O00115,P059,3,100.07,0.05
O00115,P057,1,14.77,0.15
O00116,P007,5,160.21,0.00
O00116,P054,3,146.75,0.10
O00116,P012,4,165.14,0.00
O00117,P034,3,97.19,0.00
O00118,P023,3,124.27,0.05
O00118,P057,5,6.61,0.00
O00118,P029,2,61.34,0.10
O00118,P042,3,56.81,0.00
O00119,P024,5,180.73,0.00
O00119,P043,2,106.57,0.00
O00120,P031,4,122.35,0.10
O00121,P042,4,10.49,0.00
O00121,P009,5,150.12,0.00
O00122,P058,5,40.97,0.00
O00123,P060,2,131.57,0.05
O00123,P039,5,161.21,0.15
O00123,,3,237.07,0.00
O00124,P039,4,217.48,0.00
O00124,P015,4,152.20,0.20
O00124,P038,2,157.68,0.10
O00124,P017,2,182.42,0.00
O00125,P039,5,21.86,0.05
O00125,P025,2,31.59,0.00
O00125,P034,5,172.66,0.20
O00125,P010,5,28.58,0.05
O00126,P057,5,128.31,0.00
O00127,P031,2,225.98,0.10
O00128,P058,4,132.89,1.50
O00129,P045,5,110.08,0.20
O00130,P051,4,90.87,0.20
O00130,P048,5,28.93,0.00
O00130,P017,4,192.63,0.20
O00130,P006,3,151.57,0.10
O00131,P017,2,6.33,0.15
O00131,P051,1,146.60,0.00
O00131,P034,1,96.87,0.00
O00131,P045,3,105.16,0.00
O00132,P028,5,67.13,0.20
O00132,P035,4,143.33,0.10
O00133,P044,4,189.96,0.05
O00133,P036,5,123.19,0.00
O00133,P036,5,123.51,0.00
O00134,P050,4,185.26,0.20
O00134,P056,1,188.20,0.05
O00134,P051,2,29.56,0.10
O00135,P051,3,201.20,0.10
O00135,P045,1,44.37,0.15
O00135,P001,1,206.69,0.05
O00135,P060,5,111.66,0.00
O00136,P015,3,24.60,0.00
O00136,P047,4,233.01,0.05
O00136,P040,5,75.17,0.10
O00137,P050,2,161.86,0.05
O00138,P013,5,75.06,0.00
O00139,P040,2,170.13,0.00
O00139,P016,1,244.02,0.00
O00140,P050,4,91.51,0.05
O00140,P026,5,54.07,0.00
O00140,P048,1,230.19,0.10
O00141,P047,5,229.17,0.00
O00141,P023,3,60.43,0.00
O00141,P030,4,145.84,0.00
O00142,P027,5,31.07,0.00
O00142,P033,3,88.28,0.00
O00143,P999,5,204.21,0.10
O00143,P017,4,241.67,0.10
O00143,P031,2,190.57,0.20
O00144,P044,4,224.64,0.20
O00144,P002,4,33.48,0.00
O00144,P025,2,170.83,0.00
O00144,P052,3,106.03,0.00
O00145,P045,3,65.81,0.00
O00146,P044,3,23.62,0.00
O00146,P031,3,91.61,0.10
O00146,P018,2,237.03,0.15
O00146,P060,2,127.24,0.00
O00147,P048,2,218.81,0.00
O00147,P015,2,209.55,0.20
O00148,P010,1,34.36,0.00
O00148,P044,4,155.38,0.20
O00148,P055,5,239.70,0.20
O00149,P024,5,82.27,0.10
O00149,P056,3,125.24,0.20
O00149,P059,5,73.66,0.00
O00149,P049,5,36.41,0.10
O00150,P031,5,12.97,0.00
O00150,P026,2,117.00,0.00
O00150,P045,5,117.71,0.15
O00150,P001,1,170.15,0.05
O00151,P021,3,155.12,0.00
O00152,P036,3,63.09,0.05
O00152,P040,3,94.64,0.05
O00153,P014,4,176.66,0.00
O00153,P024,4,73.50,0.00
O00153,P037,2,244.91,0.15
O00153,P015,1,181.59,0.20
O00154,P036,4,214.79,0.00
O00154,P010,2,120.87,0.00
O00155,P027,4,37.94,0.20
O00155,P041,5,135.82,0.00
O00156,P020,3,142.71,0.10
O00156,P004,4,29.24,0.00
O00156,P004,2,204.38,0.05
O00156,P054,1,115.20,0.00
O00157,P024,3,142.28,0.20
O00157,P017,3,9.85,0.00
O00157,P023,5,53.73,0.10
O00158,P050,3,91.99,0.15
O00158,P033,4,194.80,0.05
O00159,P025,5,75.19,0.15
O00160,P056,2,161.93,0.00
O00160,P027,5,145.04,0.20
O00161,P006,2,89.18,0.00
O00162,,3,179.05,0.10
O00162,P042,4,71.45,0.05
O00162,P050,3,188.22,0.10
O00163,P027,2,50.04,0.00
O00163,P009,2,167.19,0.15
O00163,P045,0,56.58,0.05
O00163,P007,1,20.62,0.05
O00164,P002,4,133.37,0.00
O00165,P017,5,43.03,0.15
O00166,P020,2,65.60,0.00
O00166,P029,2,37.15,0.20
O00166,P011,1,13.60,0.00
O00166,P056,3,216.73,0.05
O00167,P036,4,38.09,0.15
O00167,P035,2,149.74,0.05
O00167,P041,5,111.56,0.15
O00168,P059,3,122.99,0.00
O00168,P052,1,113.25,0.00
O00168,P027,3,43.14,0.00
O00169,P034,2,89.24,0.05
O00170,P045,4,236.99,0.05
O00171,P001,4,200.49,0.10
O00171,P015,1,139.30,0.00
O00171,P027,5,112.08,0.00
O00172,P046,4,207.95,0.00
O00172,P017,1,108.44,0.00
O00173,P019,5,203.15,0.05
O00173,P013,1,49.68,0.00
O00173,P008,4,156.33,0.00
O00174,P013,3,9.74,0.00
O00174,P035,1,50.54,0.00
O00174,P019,3,35.62,0.05
O00174,P047,1,62.03,0.00
O00175,P032,2,88.76,0.00
O00176,P024,4,175.74,0.00
O00176,P022,1,211.66,0.00
O00176,P004,3,195.02,0.00
O00176,P035,4,49.48,0.20
O00177,P053,4,207.91,0.00
O00177,P050,2,99.27,0.05
O00177,P016,1,53.79,0.15
O00178,P034,2,120.83,0.15
O00179,P060,3,43.85,0.15
O00179,P003,5,132.62,0.00
O00179,P031,3,53.68,0.00
O00180,P008,2,160.05,0.00
O00180,P001,2,199.62,0.10
O00181,P026,2,7.18,0.00
O00182,P045,5,42.96,0.20
O00182,P006,2,43.63,0.00
O00182,P044,5,87.90,0.20
O00182,P041,1,19.63,0.15
O00183,P045,5,198.90,0.00
O00183,P032,2,82.59,0.10
O00184,P052,4,184.62,0.00
O00184,P045,4,92.74,0.00
O00184,P017,1,123.89,0.05
O00185,P035,4,51.49,0.00
O00185,P035,3,84.29,0.05
O00185,P018,5,229.04,0.10
O00186,P005,5,42.97,0.00
O00186,P053,3,137.68,0.05
O00187,P050,5,97.86,0.00
O00188,P040,3,195.11,0.00
O00189,P999,1,166.27,0.10
O00189,P053,4,51.51,1.50
O00189,P032,5,42.75,0.00
O00190,P027,3,32.05,0.10
O00190,P043,1,15.72,0.00
O00190,P012,1,54.50,0.05
O00191,P007,1,144.89,0.20
O00191,P025,4,133.82,0.15
O00192,P004,3,59.07,0.15
O00192,P005,1,232.89,0.00
O00192,P042,4,232.45,0.20
O00193,P030,1,93.42,0.15
O00194,P053,3,199.58,0.00
O00194,P053,5,70.11,0.00
O00194,P047,1,209.43,0.00
O00194,P014,5,28.78,0.15
O00195,P035,4,51.41,0.10
O00195,P043,2,144.65,0.00
O00196,P048,1,192.73,0.10
O00196,P023,4,177.11,0.05
O00196,P057,1,45.86,0.00
O00196,P036,4,128.64,0.15
O00197,P035,5,113.53,0.00
O00197,P058,3,139.76,0.00
O00198,P027,4,207.40,0.00
O00198,P039,2,142.96,0.00
O00198,P025,5,231.90,0.00
O00199,P029,4,240.15,0.00
O00199,P047,1,245.81,0.10
O00199,P002,5,38.09,0.00
O00200,P020,2,57.62,0.00
O00201,P050,3,230.17,0.10
O00202,P007,1,117.78,0.00
O00202,,3,94.93,0.10
O00203,P015,3,203.70,0.00
O00203,P037,4,144.41,0.00
O00204,P047,3,199.25,0.00
O00205,P053,5,205.77,0.00
O00205,P039,3,14.15,0.20
O00205,P037,4,24.22,0.00
O00205,P059,3,90.23,0.20
O00206,P027,1,218.09,0.00
O00206,P048,5,232.51,0.15
O00206,P050,4,18.25,0.10
O00206,P003,3,137.27,0.00
O00207,P033,2,42.52,0.15
O00207,P047,4,242.89,0.20
O00207,P039,5,128.65,0.00
O00208,P019,4,41.25,0.00
O00208,P006,4,144.99,0.00
O00208,P036,4,69.32,0.05
O00208,P033,4,194.58,0.00
O00209,P031,5,53.53,0.05
O00209,P042,5,53.03,0.10
O00210,P016,1,70.22,0.05
O00210,P021,5,26.94,0.15
O00211,P028,3,90.33,0.00
O00211,P023,5,165.57,0.20
O00211,P020,2,246.96,0.10
O00211,P053,4,157.67,0.05
O00212,P060,2,53.91,0.00
O00213,P049,1,32.52,0.00
O00213,P016,5,232.04,0.20
O00214,P001,3,174.97,0.00
O00214,P020,4,120.43,0.00
O00214,P014,5,56.90,0.10
O00215,P036,4,157.64,0.00
O00215,P045,1,97.26,0.15
O00215,P034,1,67.58,0.00
O00216,P013,5,71.45,0.05
O00216,P042,1,21.31,0.15
O00216,P018,3,216.74,0.00
O00217,P056,0,61.63,0.05
O00217,P033,1,226.44,0.05
O00217,P056,5,135.22,0.00
O00218,P033,4,142.36,0.15
O00218,P002,1,65.60,0.10
O00219,P022,4,101.37,0.00
O00219,P002,3,172.65,0.00
O00219,P041,3,62.86,0.10
O00220,P052,1,158.31,0.05
O00220,P057,1,236.30,0.00
O00220,P015,2,88.73,0.05
O00221,P006,4,132.57,0.15
O00221,P040,2,107.24,0.10
O00222,P028,3,227.88,0.00
O00222,P029,5,37.27,0.15
O00223,P038,5,172.58,0.00
O00223,P056,2,80.69,0.15
O00224,P028,2,165.77,0.10
O00224,P059,2,82.78,0.10
O00225,P012,3,210.67,0.00
O00226,P049,3,220.62,0.05
O00227,P020,4,187.66,0.20
O00227,P058,3,42.22,0.00
O00227,P007,2,50.25,0.20
O00227,P040,5,70.37,0.10
O00228,P039,2,61.56,0.00
O00228,P023,1,173.58,0.05
O00229,P033,5,119.84,0.15
O00229,P024,2,213.76,0.05
O00230,P009,2,52.34,0.00
O00230,P027,1,231.72,0.05
O00230,P015,2,190.65,0.00
O00230,P012,4,217.44,0.05
O00231,P056,4,222.45,0.05
O00231,P026,1,153.93,0.20
O00231,P025,3,101.56,0.15
O00232,P034,1,115.63,0.20
O00233,P057,2,132.07,0.05
O00234,P036,4,131.44,0.15
O00235,P013,3,112.68,0.00
O00236,P030,2,108.49,0.10
O00236,P999,1,174.03,0.00
O00236,P030,4,27.15,0.10
O00237,P012,5,234.76,0.15
O00238,P026,4,84.24,0.00
O00238,P012,4,149.62,0.15
O00239,P057,4,27.08,0.00
O00239,P045,2,180.99,0.00
O00240,P008,4,160.34,0.00
O00241,P047,5,154.95,0.00
O00241,P025,5,98.24,0.20
O00241,P011,3,143.54,0.15
O00241,P056,2,44.71,0.00
O00242,P050,1,107.79,0.00
O00242,P047,4,75.74,0.00
O00243,P058,2,240.30,0.00
O00244,P001,4,126.91,0.05
O00244,P035,1,153.95,0.05
O00244,,2,149.26,0.05
O00245,P027,4,24.44,0.10
O00245,P001,2,221.12,0.00
O00245,P040,5,205.92,0.00
O00245,P004,2,41.31,0.15
O00246,P003,2,214.18,0.15
O00246,P037,5,78.11,0.00
O00246,P004,1,107.14,0.00
O00247,P044,3,154.71,0.15
O00247,P045,5,145.20,0.10
O00248,P030,5,93.24,0.00
O00248,P006,3,84.08,0.05
O00249,P049,4,211.60,0.00
O00250,P031,2,34.89,0.20
O00250,P018,3,134.12,0.10
O00250,P014,2,154.94,0.00
O00251,P031,5,233.79,0.15
O00252,P028,5,212.70,0.00
O00252,P034,5,248.77,0.00
O00252,P060,2,155.49,0.05
O00253,P032,2,221.49,0.00
O00253,P046,3,244.91,0.00
O00253,P008,1,118.89,1.50
O00253,P008,2,200.88,0.05
O00254,P003,3,90.65,0.20
O00254,P041,2,7.76,0.00
O00254,P045,3,67.32,0.00
O00254,P020,3,129.13,0.00
O00255,P008,3,88.62,0.15
O00256,P054,2,52.52,0.20
O00257,P060,4,229.45,0.20
O00257,P003,2,122.96,0.15
O00257,P030,5,224.49,0.05
O00258,P060,1,209.59,0.00
O00258,P037,3,141.01,0.00
O00258,P014,5,172.94,0.20
O00258,P059,3,21.21,0.00
O00259,P054,1,88.08,0.05
O00259,P041,5,211.38,0.10
O00259,P039,4,50.90,0.00
O00260,P046,3,178.90,0.00
O00260,P027,1,126.77,0.00
O00260,P024,4,208.21,0.00
O00261,P034,3,47.87,0.00
O00261,P051,1,195.55,0.00
O00262,P033,1,200.75,0.10
O00262,P010,2,88.32,0.05
O00262,P047,5,81.03,0.00
O00262,P010,1,206.41,0.10
O00263,P014,1,117.54,0.15
O00263,P056,5,33.37,0.00
O00264,P044,5,218.60,0.00
O00265,P057,1,30.25,0.20
O00265,P043,3,10.50,0.20
O00265,P020,2,83.61,0.00
O00265,P019,3,135.40,0.20
O00266,P043,1,71.79,0.00
O00266,P018,1,8.73,0.10
O00266,P036,5,30.07,0.10
O00266,P023,5,83.02,0.00
O00267,P037,2,46.95,0.00
O00267,P040,3,137.43,0.00
O00267,P009,1,120.32,0.15
O00268,P007,4,18.17,0.05
O00269,P012,5,223.35,0.15
O00269,P054,4,155.99,0.00
O00269,P022,2,179.65,0.15
O00269,P052,5,24.23,0.20
O00270,P037,2,27.75,0.20
O00270,P059,4,28.82,0.00
O00270,P044,4,120.27,0.00
O00270,P010,5,68.21,0.00
O00271,P012,3,198.24,0.00
O00271,P030,0,12.40,0.05
O00271,P008,3,122.26,0.20
O00271,P011,3,193.14,0.10
O00272,P033,1,104.38,0.15
O00272,P051,1,84.83,0.15
O00273,P051,3,135.51,0.05
O00274,P016,5,64.69,0.00
O00274,P031,4,21.17,0.00
O00274,P053,5,110.62,0.05
O00274,P037,3,138.40,0.00
O00275,P043,1,186.13,0.15
O00275,P037,4,33.00,0.10
O00276,P021,5,28.92,0.05
O00276,P012,3,239.18,0.00
O00276,P039,1,172.94,0.10
O00276,P050,4,85.21,0.15
O00277,P006,2,205.16,0.10
O00278,P049,2,166.91,0.05
O00279,P025,5,146.58,0.00
O00279,P014,3,78.43,0.20
O00279,P059,3,230.02,0.05
O00280,P006,5,6.98,0.10
O00280,P026,2,213.85,0.00
O00280,P999,5,242.13,0.00
O00281,,3,217.08,0.00
O00281,P028,5,101.59,0.00
O00281,P046,4,104.47,0.05
O00282,P043,2,121.33,0.00
O00282,P036,4,211.61,0.00
O00283,P010,3,249.37,0.15
O00283,P009,2,7.83,0.15
O00283,P002,2,181.72,0.05
O00283,P043,4,243.86,0.00
O00284,P009,4,215.73,0.20
O00285,P040,2,116.32,0.05
O00285,P036,4,99.25,0.00
O00285,P012,4,153.11,0.10
O00285,P032,2,179.46,0.00
O00286,P060,5,146.20,0.00
O00286,P003,5,123.39,0.00
O00286,P008,5,122.97,0.15
O00286,P006,2,183.89,0.10
O00287,P030,5,24.16,0.10
O00287,P006,2,120.74,0.15
O00287,P043,1,172.59,0.10
O00288,P040,1,226.37,0.10
O00288,P050,1,119.86,0.10
O00288,P058,4,145.61,0.00
O00289,P023,3,75.85,0.00
O00289,P045,5,188.60,0.15
O00289,P051,5,68.80,0.15
O00289,P031,5,46.41,0.00
O00290,P052,5,11.68,0.05
O00290,P006,2,128.86,0.20
O00290,P051,3,66.74,0.10
O00291,P018,3,8.47,0.00
O00291,P039,2,227.97,0.15
O00291,P010,4,95.58,0.00
O00292,P051,2,123.80,0.20
O00292,P034,1,88.99,0.00
O00292,P010,5,233.81,0.00
O00293,P049,4,193.73,0.00
O00293,P043,4,182.86,0.00
O00293,P014,5,184.91,0.00
O00293,P004,3,190.08,0.00
O00294,P011,4,102.68,0.00
O00295,P048,5,62.24,0.15
O00295,P046,4,121.26,0.00
O00295,P034,4,7.90,0.20
O00295,P029,4,171.22,0.10
O00296,P007,5,161.16,0.20
O00297,P040,3,87.06,0.00
O00297,P052,1,67.55,0.10
O00297,P026,4,194.41,0.15
O00297,P016,5,193.76,0.10
O00298,P044,2,81.74,0.00
O00298,P044,1,208.75,0.00
O00298,P027,1,133.68,0.15
O00299,P023,2,182.68,0.00
O00299,P013,1,10.80,0.00
O00299,P004,5,165.86,0.20
O00299,P014,5,161.32,0.15
O00300,P006,5,36.82,0.15
O00301,P058,1,175.43,0.00
O00301,P019,4,166.81,0.00
O00302,P060,3,193.48,0.15
O00302,P058,3,68.04,0.20
O00302,P005,3,195.38,0.05
O00302,P025,3,249.00,0.00
O00303,P012,4,21.99,0.00
O00303,P040,4,48.71,0.05
O00303,P007,2,137.44,0.05
O00304,P040,1,228.58,0.15
O00304,P017,1,13.53,0.00
O00305,P050,4,9.59,0.05
O00305,P010,1,233.55,0.15
O00305,P025,3,42.13,0.00
O00306,P037,1,131.26,0.20
O00306,P032,4,111.82,0.20
O00306,P047,1,137.32,0.00
O00306,P025,4,34.68,1.50
O00307,P022,3,103.14,0.15
O00307,P042,1,94.50,0.20
O00307,P022,1,211.08,0.20
O00308,P042,2,48.26,0.00
O00308,P025,2,78.21,0.05
O00308,P058,1,159.49,0.00
O00309,P006,4,185.14,0.00
O00309,P003,2,11.20,0.10
O00309,P016,4,100.24,0.20
O00309,P035,3,127.41,0.20
O00310,P002,1,88.11,0.00
O00310,P051,1,104.34,0.00
O00310,P052,5,117.29,0.15
O00310,P056,5,41.48,0.10
O00311,P060,1,14.03,0.00
O00311,P032,1,120.44,0.10
O00312,P016,2,8.51,0.15
O00313,P058,3,206.07,0.00
O00314,P040,2,209.65,0.00
O00314,P053,1,32.96,0.10
O00314,,5,59.03,0.20
O00314,P013,4,87.64,0.20
O00315,P021,1,244.07,0.10
O00315,P035,2,83.78,0.20
O00315,P014,1,150.30,0.00
O00315,P005,1,72.09,0.20
O00316,P011,3,140.57,0.05
O00316,P016,5,14.96,0.00
O00316,P051,5,97.14,0.00
O00316,P002,4,24.77,0.00
O00317,P060,0,178.14,0.10
O00317,P057,3,106.96,0.20
O00318,P045,2,55.50,0.15
O00318,P018,5,115.34,0.00
O00318,P012,5,174.45,0.10
O00318,P999,4,154.94,0.00
O00319,P023,4,6.11,0.00
O00319,P013,1,246.71,0.00
O00319,P040,3,216.36,0.10
O00320,P030,2,72.71,0.00
O00320,P008,2,172.87,0.05
O00321,P012,2,169.17,0.00
O00321,P004,3,74.83,0.05
O00321,P017,3,156.11,0.20
O00321,P030,1,30.57,0.00
O00322,P011,1,123.83,0.00
O00322,P005,2,181.73,0.10
O00323,P027,2,188.03,0.00
O00323,P015,1,84.89,0.00
O00323,P016,4,218.11,0.05
O00324,P005,4,148.34,0.00
O00324,P057,4,40.50,0.10
O00325,P012,4,96.49,0.05
O00325,P047,2,159.84,0.00
O00325,P013,3,36.16,0.15
O00325,P037,1,73.74,0.00
O00326,P030,4,46.93,0.00
O00326,P015,3,152.88,0.20
O00326,P051,5,226.86,0.10
O00326,P036,2,26.18,0.20
O00327,P056,2,149.93,0.20
O00327,P030,3,8.54,0.05
O00327,P048,2,65.71,0.05
O00327,P038,2,223.49,0.10
O00328,P059,5,225.06,0.05
O00328,P003,1,247.85,0.15
O00329,P028,5,101.60,0.20
O00330,P029,4,63.92,0.10
O00331,P045,4,237.72,0.00
O00332,P019,2,163.66,0.00
O00332,P002,4,168.90,0.00
O00332,P046,4,215.18,0.15
O00333,P030,4,194.09,0.20
O00334,P012,3,158.56,0.15
O00334,P041,1,215.78,0.00
O00334,P025,3,135.07,0.00
O00334,P028,3,176.01,0.10
O00335,P051,1,157.00,0.00
O00335,P048,1,131.10,0.15
O00336,P057,1,32.18,0.00
O00336,P030,5,15.00,0.00
O00336,P012,5,177.68,0.10
O00337,P009,3,63.46,0.00
O00337,P042,4,185.65,0.20
O00338,P049,2,83.50,0.00
O00338,P033,4,72.89,0.00
O00339,P023,4,124.12,0.10
O00339,P054,1,120.18,0.10
O00339,P044,5,225.36,0.05
O00340,P052,1,51.14,0.05
O00340,P006,1,100.71,0.00
O00340,P019,1,31.78,0.00
O00341,P045,2,126.59,0.20
O00342,P034,1,76.82,0.15
O00342,P035,2,121.10,0.05
O00343,P048,1,76.41,0.00
O00343,P002,2,209.55,0.10
O00343,P042,3,105.85,0.00
O00343,P042,3,124.10,0.15
O00344,P030,3,143.97,0.20
O00344,P020,2,198.36,0.00
O00344,P031,3,242.82,0.20
O00344,P055,1,41.33,0.00
O00345,P011,5,231.40,0.15
O00345,P035,3,49.65,0.00
O00345,P054,2,44.50,0.00
O00345,P003,3,145.75,0.05
O00346,P024,2,55.25,0.15
O00346,P003,3,244.61,0.00
O00346,P024,4,137.26,0.00
O00347,P008,1,104.11,0.05
O00347,P050,2,237.20,0.00
O00347,P010,1,242.68,0.10
O00348,P042,3,121.10,0.00
O00348,P049,5,168.38,0.20
O00348,P037,4,87.97,0.00
O00349,P058,1,39.15,0.10
O00349,,3,11.06,0.10
O00349,P054,2,114.25,0.00
O00349,P021,1,153.99,0.00
O00350,P051,3,52.94,0.00
O00350,P035,4,170.87,0.00
O00351,P013,4,82.84,0.10
O00351,P033,1,227.56,0.00
O00351,P026,2,180.40,0.05
O00351,P024,4,96.33,0.00
O00352,P023,3,244.48,0.20
O00352,P036,1,57.84,0.05
O00352,P048,4,201.89,0.00
O00353,P052,4,183.50,0.05
O00353,P009,5,151.48,0.00
O00354,P020,4,247.14,0.10
O00354,P022,1,233.61,0.10
O00355,P006,1,105.31,0.00
O00355,P027,2,141.16,0.15
O00355,P037,2,53.81,0.20
O00355,P025,3,140.69,0.00
O00356,P054,5,79.45,0.10
O00356,P048,4,60.00,0.20
O00356,P001,2,69.35,0.15
O00357,P008,3,107.19,0.05
O00357,P059,2,11.96,0.20
O00357,P018,4,248.60,0.00
O00357,P039,3,147.35,0.10
O00358,P056,3,158.85,0.05
O00358,P045,1,96.42,0.15
O00358,P037,1,212.08,0.00
O00358,P038,1,40.79,0.05
O00359,P999,2,17.95,0.00
O00359,P027,3,16.93,0.00
O00360,P033,2,192.77,1.50
O00361,P039,2,138.20,0.20
O00362,P053,3,71.50,0.15
O00362,P045,3,28.47,0.10
O00362,P023,2,8.15,0.10
O00363,P024,4,105.93,0.00
O00363,P007,2,42.86,0.00
O00363,P054,2,199.79,0.10
O00364,P027,4,229.42,0.00
O00365,P060,1,122.47,0.00
O00365,P045,3,39.05,0.05
O00366,P012,0,12.04,0.20
O00366,P008,2,36.53,0.15
O00366,P010,2,80.31,0.00
O00367,P006,4,174.24,0.20
O00367,P008,1,9.60,0.05
O00368,P003,2,31.41,0.20
O00368,P043,5,150.32,0.05
O00368,P008,3,15.59,0.00
O00368,P043,1,189.85,0.20
O00369,P059,5,55.31,0.00
O00370,P043,3,12.16,0.00
O00370,P055,3,237.44,0.00
O00371,P011,5,196.29,0.10
O00371,P016,5,144.70,0.00
O00371,P053,5,191.98,0.10
O00372,P046,2,241.23,0.00
O00372,P058,5,6.05,0.15
O00373,P060,2,230.51,0.20
O00374,P024,5,50.35,0.15
O00374,P007,2,209.50,0.05
O00374,P028,2,130.98,0.05
O00374,P008,3,35.28,0.00
O00375,P032,3,177.65,0.10
O00375,P047,1,25.14,0.05
O00376,P025,3,116.94,0.15
O00377,P044,4,60.33,0.05
O00377,P019,4,51.24,0.00
O00377,P058,4,235.07,0.00
O00378,P001,4,169.65,0.05
O00378,P029,5,166.33,0.00
O00379,P010,4,103.14,0.10
O00380,P048,2,20.84,0.00
O00381,P013,5,211.78,0.05
O00381,P008,2,210.33,0.15
O00381,P032,3,192.37,0.20
O00382,P049,4,92.23,0.15
O00382,P039,4,246.93,0.10
O00382,P018,2,193.15,0.00
O00383,P017,4,126.82,0.15
O00384,P002,1,185.75,0.20
O00384,P005,4,171.13,0.00
O00385,P039,3,42.41,0.10
O00385,P040,1,191.23,0.15
O00385,P049,5,193.05,0.20
O00385,P030,2,76.91,0.05
O00386,P033,3,137.89,0.20
O00386,P056,5,138.91,0.20
O00386,P003,4,220.62,0.00
O00386,P025,4,82.06,0.05
O00387,P030,1,13.04,0.10
O00387,P043,3,221.74,0.00
O00387,P032,4,37.94,0.15
O00387,P025,4,192.17,0.10
O00388,,5,172.91,0.10
O00388,P031,4,142.74,0.00
O00388,P033,1,100.88,0.05
O00388,P038,4,156.14,0.00
O00389,P021,1,11.89,0.00
O00389,P009,3,90.46,0.15
O00389,P038,1,192.46,0.15
O00390,P025,1,109.89,0.00
O00390,P027,3,18.82,0.00
O00390,P016,2,163.77,0.10
O00391,P059,1,217.88,0.00
O00392,P011,1,136.90,0.00
O00392,P030,4,144.16,0.05
O00392,P018,1,175.50,0.10
O00393,P021,4,144.73,0.00
O00394,P052,4,29.50,0.15
O00395,P022,4,128.17,0.20
O00395,P043,3,45.81,0.00
O00396,P028,2,126.74,0.20
O00396,P051,1,210.88,0.10
O00396,P014,3,69.95,0.00
O00397,P052,2,158.01,0.00
O00397,P046,5,28.20,0.00
O00397,P018,1,143.76,0.10
O00397,P031,4,56.38,0.20
O00398,P042,3,128.63,0.00
O00399,P043,5,81.76,0.05
O00399,P026,3,158.11,0.05
O00399,P043,5,49.24,0.00
O00399,P041,5,216.35,0.10
O00400,P014,4,70.63,0.15
O00400,P035,5,213.92,0.05
O00400,P060,5,183.01,0.00
O00400,P034,2,94.24,0.00
O00401,P010,3,211.80,0.05
O00401,P021,1,160.30,0.20
O00402,P018,3,163.27,0.00
O00402,P044,5,62.84,0.00
O00402,P008,2,52.01,0.00
O00402,P052,3,118.71,0.10
O00403,P028,1,54.48,0.00
O00403,P009,1,68.30,0.20
O00403,P018,5,48.11,0.20
O00403,P003,4,196.64,0.00
O00404,P021,5,77.99,0.00
O00405,P058,3,169.55,0.00
O00405,P026,2,62.82,0.10
O00405,P999,5,233.56,0.10
O00405,P043,5,237.66,0.10
O00406,P032,1,63.32,0.00
O00406,P050,3,85.67,0.10
O00406,P048,4,202.42,0.15
O00407,P060,4,58.40,0.00
O00407,P012,2,242.62,0.05
O00408,P017,5,18.69,0.10
O00408,P024,1,82.53,0.05
O00408,P031,2,241.00,0.20
O00408,P060,2,93.92,0.15
O00409,P053,3,10.15,0.10
O00409,P003,1,174.21,0.20
O00409,P043,2,66.97,0.05
O00410,P041,3,226.26,0.15
O00410,P008,5,217.39,0.20
O00410,P029,4,6.92,0.05
O00411,P020,1,234.39,0.20
O00411,P016,3,56.53,0.00
O00411,P059,4,159.67,0.20
O00412,P051,1,72.13,0.00
O00412,P053,4,120.41,0.05
O00412,P060,3,180.75,0.20
O00412,P007,2,176.12,0.10
O00413,P023,4,152.51,0.20
O00414,P030,1,191.67,0.15
O00414,P042,2,159.38,0.20
O00414,P042,2,5.74,0.00
O00415,P021,5,25.14,0.00
O00415,P016,5,179.81,0.20
O00415,P054,2,212.50,0.15
O00416,P051,0,115.61,0.20
O00416,P048,2,68.86,0.15
O00416,P038,3,200.87,0.00
O00416,P006,4,95.05,0.05
O00417,P054,5,59.99,0.00
O00417,P060,5,163.53,0.15
O00417,P015,1,243.65,0.00
O00417,P017,2,17.19,0.10
O00418,P039,3,41.56,0.00
O00418,P011,5,33.74,1.50
O00418,P034,4,194.46,0.05
O00418,P053,4,34.03,0.15
O00419,P013,3,75.54,0.05
O00419,P025,2,110.66,0.00
O00420,P053,3,183.03,0.00
O00420,P027,2,105.08,0.00
O00421,P019,3,62.68,0.05
O00422,P024,5,172.64,0.05
O00422,P006,1,119.87,0.20
O00423,,4,173.27,0.15
O00423,P025,4,185.34,0.00
O00423,P005,1,141.45,0.00
O00424,P060,2,120.37,0.00
O00424,P039,5,178.83,0.20
O00424,P003,1,67.14,0.10
O00425,P020,4,169.45,0.00
O00425,P058,5,15.07,0.00
O00425,P017,2,128.41,0.00
O00425,P057,4,37.31,0.00
O00426,P010,3,33.62,0.00
O00426,P009,4,218.55,0.20
O00426,P018,3,231.92,0.00
O00426,P058,3,155.16,0.20
O00427,P034,3,111.75,0.00
O00427,P021,4,192.09,0.00
O00427,P036,4,18.03,0.00
O00428,P015,2,13.78,0.00
O00429,P046,4,111.92,0.05
O00429,P003,4,92.34,0.15
O00430,P030,4,32.55,0.15
O00430,P056,2,35.29,0.00
O00430,P014,3,49.25,0.00
O00430,P048,5,206.52,0.10
O00431,P038,1,133.86,0.10
O00431,P012,4,230.49,0.00
O00432,P044,1,222.40,0.00
O00432,P019,1,101.56,0.10
O00432,P060,1,210.05,0.00
O00432,P002,1,117.75,0.15
O00433,P030,3,150.57,0.00
O00433,P022,1,165.75,0.05
O00433,P021,5,36.67,0.20
O00433,P004,3,84.17,0.00
O00434,P036,5,98.43,0.05
O00435,P012,2,241.43,0.20
O00435,P026,1,10.02,0.00
O00435,P011,4,195.97,0.00
O00436,P008,3,125.25,0.05
O00436,P048,3,226.40,0.10
O00437,P023,1,208.84,0.10
O00437,P013,4,114.12,0.05
O00438,P018,5,152.07,0.00
O00438,P049,4,203.68,0.10
O00438,P012,4,159.51,0.00
O00438,P003,5,88.72,0.05
O00439,P042,2,233.00,0.10
O00439,P041,5,25.56,0.05
O00440,P006,4,78.59,0.00
O00440,P044,3,211.17,0.10
O00440,P028,3,144.28,0.10
O00440,P005,1,130.78,0.10
O00441,P027,1,118.83,0.15
O00441,P037,3,92.08,0.10
O00441,P006,5,8.98,0.15
O00441,P043,4,48.98,0.00
O00442,P003,1,106.97,0.15
O00442,P020,3,148.86,0.05
O00442,P049,4,157.82,0.00
O00442,P022,2,56.70,0.00
O00443,P056,1,111.27,0.00
O00443,P001,4,33.58,0.00
O00443,P042,4,117.73,0.05
O00444,P999,5,204.21,0.10
O00444,P024,4,202.13,0.00
O00444,P009,2,8.39,0.00
O00444,P053,1,175.52,0.00
O00445,P014,4,163.90,0.15
O00446,P028,5,51.76,0.00
O00446,P050,4,41.29,0.05
O00447,P008,2,226.08,0.15
O00448,P032,4,9.80,0.05
O00448,P038,2,54.32,0.10
O00448,P054,4,17.47,0.00
O00448,P007,4,244.96,0.20
O00449,P048,5,150.97,0.10
O00449,P019,1,124.43,0.05
O00449,P033,5,182.52,0.15
O00449,P058,4,61.81,0.00
O00450,P028,5,82.37,0.00
O00451,P058,4,222.83,0.00
O00451,P032,5,235.04,0.00
O00451,P029,4,10.09,0.00
O00452,P031,3,112.33,0.10
O00452,P015,5,227.71,0.00
O00453,P009,3,182.12,0.05
O00453,P027,3,200.00,0.20
O00453,P055,2,157.34,0.00
O00453,P045,1,168.42,0.00
O00454,P013,2,153.40,0.00
O00454,P051,4,236.04,0.05
O00455,P016,2,141.41,0.00
O00455,P023,3,92.47,0.00
O00455,P012,5,12.82,0.00
O00456,P028,1,156.29,0.00
O00456,P036,2,124.15,0.00
O00456,P051,3,193.49,0.20
O00457,,2,214.07,0.20
O00457,P033,5,169.01,0.15
O00457,P004,4,200.74,0.20
O00458,P007,5,154.36,0.20
O00459,P053,5,15.27,0.00
O00460,P041,1,218.35,0.00
O00460,P011,3,178.49,0.20
O00461,P047,1,42.79,0.00
O00461,P022,2,35.12,0.00
O00461,P029,4,193.45,0.00
O00461,P016,4,88.61,0.10
O00462,P006,3,96.24,0.20
O00462,P027,3,159.20,0.00
O00463,P049,5,108.31,0.00
O00463,P009,4,106.28,0.05
O00464,P055,0,199.67,0.00
O00464,P002,4,40.66,0.00
O00464,P046,5,236.18,0.00
O00464,P022,3,103.39,0.20
O00465,P028,1,101.34,0.00
O00465,P043,2,226.11,0.00
O00466,P027,4,222.01,0.15
O00466,P036,3,181.77,0.00
O00466,P059,3,6.93,0.00
O00467,P045,4,114.31,0.00
O00467,P057,5,157.96,0.10
O00468,P045,3,222.47,0.20
O00468,P042,4,194.96,0.00
O00468,P006,1,136.66,0.05
O00468,P047,2,132.51,0.10
O00469,P014,1,130.35,0.00
O00469,P034,3,190.47,0.00
O00469,P002,1,223.12,0.10
O00470,P016,3,182.98,0.10
O00470,P008,1,211.18,0.00
O00470,P041,5,91.84,0.00
O00471,P029,3,145.24,0.00
O00472,P022,2,202.31,0.10
O00472,P037,5,211.89,0.00
O00472,P023,3,74.70,0.20
O00472,P053,5,169.74,0.15
O00473,P034,2,30.77,0.10
O00473,P038,2,206.59,0.00
O00473,P030,1,40.90,0.05
O00473,P054,4,25.07,1.50
O00474,P057,2,121.67,0.05
O00474,P005,3,170.81,0.05
O00474,P038,5,132.13,0.05
O00474,P056,3,148.14,0.15
O00475,P029,4,184.26,0.05
O00475,P053,2,40.35,0.00
O00475,P032,4,36.69,0.15
O00475,P033,5,33.91,0.00
O00476,P031,1,187.88,0.10
O00476,P024,1,152.38,0.05
O00476,P008,1,95.54,0.00
O00476,P003,5,42.55,0.00
O00477,P024,3,77.02,0.00
O00477,P051,2,39.81,0.10
O00477,P027,1,234.51,0.00
O00478,P014,2,205.68,0.05
O00478,P001,1,139.14,0.00
O00478,P056,1,107.30,0.10
O00479,P037,4,225.56,0.20
O00479,P025,4,209.43,0.20
O00479,P039,2,191.67,0.10
O00480,P049,4,168.46,0.00
O00480,P056,3,26.87,0.10
O00480,P043,5,105.35,0.00
O00480,P058,4,88.04,0.00
O00481,P048,3,163.24,0.20
O00481,P011,1,145.13,0.20
O00481,P050,3,142.45,0.00
O00481,P042,5,25.85,0.10
O00482,P037,5,51.39,0.05
O00483,P008,5,49.03,0.00
O00484,P051,2,65.09,0.15
O00484,P054,5,113.83,0.20
O00484,P035,5,83.50,0.10
O00485,P999,1,88.28,0.00
O00486,P002,5,82.75,0.00
O00486,P006,1,245.04,0.10
O00486,P011,3,40.28,0.00
O00486,P050,1,42.78,0.05
O00487,P004,5,240.47,0.00
O00487,P002,1,78.01,0.00
O00488,P010,4,223.78,0.00
O00488,P025,1,17.70,0.00
O00488,P049,5,148.57,0.05
O00489,P008,3,19.84,0.05
O00489,P036,4,21.03,0.00
O00489,P027,2,228.86,0.00
O00489,P018,5,241.04,0.15
O00490,P016,5,164.62,0.00
O00491,P037,4,114.26,0.20
O00491,P041,5,54.84,0.00
O00491,P024,5,246.39,0.20
O00492,,4,240.52,0.10
O00492,P029,1,5.24,0.05
O00493,P042,2,5.12,0.05
O00493,P018,5,66.46,0.15
O00493,P025,3,211.39,0.00
O00494,P003,2,186.09,0.10
O00494,P005,3,26.97,0.15
O00494,P008,2,182.63,0.00
O00495,P014,5,128.67,0.20
O00495,P021,3,160.61,0.20
O00495,P046,4,71.88,0.15
O00495,P021,3,56.59,0.10
O00496,P002,2,163.37,0.00
O00496,P039,4,6.04,0.00
O00496,P044,2,106.21,0.15
O00497,P049,4,136.83,0.20
O00497,P057,1,136.96,0.20
O00497,P053,4,169.69,0.00
O00497,P053,4,207.72,0.00
O00498,P012,1,35.56,0.00
O00498,P060,2,113.91,0.00
O00498,P048,1,190.80,0.15
O00498,P059,3,51.91,0.20
O00499,P052,2,62.38,0.05
O00499,P024,1,73.78,0.15
O00499,P046,5,56.22,0.00
O00500,P008,3,144.42,0.05
O00500,P011,5,52.46,0.15
O00500,P037,5,143.45,0.00
O00500,P038,2,187.75,0.00
O00501,P060,5,214.58,0.10
O00501,P047,3,51.99,0.15
O00501,P002,5,155.53,0.15
O00502,P001,4,162.03,0.15
O00502,P004,3,110.96,0.05
O00502,P018,1,171.63,0.05
O00502,P032,3,131.72,0.00
O00503,P004,3,230.00,0.10
O00503,P029,3,6.25,0.00
O00504,P006,5,202.87,0.15
O00504,P015,4,239.65,0.00
O00504,P013,2,85.65,0.00
O00505,P002,4,110.82,0.00
O00506,P054,3,65.54,0.05
O00506,P016,3,208.96,0.20
O00506,P022,5,199.55,0.00
O00507,P049,1,158.20,0.10
O00507,P008,1,243.75,0.00
O00507,P025,3,223.06,0.15
O00507,P005,0,20.18,0.20
O00508,P004,3,154.62,0.05
O00508,P005,1,170.99,0.10
O00508,P004,3,213.22,0.05
O00508,P007,5,189.22,0.00
O00509,P030,4,118.72,0.05
O00510,P022,1,116.24,0.00
O00511,P007,1,8.00,0.15
O00511,P005,5,198.40,0.00
O00512,P041,5,67.78,0.05
O00512,P031,5,113.92,0.00
O00513,P052,1,19.81,0.00
O00513,P038,4,130.71,0.15
O00514,P020,5,221.87,0.20
O00514,P010,2,120.02,0.10
O00514,P022,3,95.35,0.00
O00515,P004,2,129.23,0.20
O00515,P036,1,108.39,0.00
O00516,P041,2,197.38,0.00
O00516,P013,4,175.21,0.05
O00517,P055,5,143.68,0.00
O00517,P040,3,107.57,0.00
O00517,P007,4,219.64,0.00
O00518,P015,1,161.49,0.15
O00518,P015,4,157.85,0.00
O00518,P031,3,202.77,0.05
O00518,P014,4,50.13,0.00
O00519,P001,1,92.67,0.10
O00519,P008,2,76.18,0.00
O00519,P041,5,228.60,0.00
O00520,P002,2,53.46,0.00
O00521,P057,3,181.10,0.00
O00521,P055,5,65.25,0.00
O00522,P012,3,228.10,0.00
O00523,P025,1,87.89,0.00
O00523,P020,4,63.83,0.20
O00524,P043,2,235.57,0.20
O00524,P040,4,220.20,0.00
O00524,P008,2,221.26,0.00
O00525,P013,5,97.65,0.00
O00525,P021,5,110.23,0.15
O00526,P059,1,191.95,0.10
O00526,P013,5,77.06,0.00
O00527,P016,1,159.21,0.00
O00527,P056,2,213.61,0.10
O00527,P057,4,56.25,0.00
O00528,P999,5,20.88,0.10
O00528,P025,5,96.69,0.10
O00528,,2,83.84,0.00
O00528,P034,4,180.32,1.50
O00529,P018,5,103.22,0.20
O00529,P038,1,55.75,0.00
O00529,P029,2,101.99,0.00
O00529,P028,4,144.98,0.20
O00530,P017,5,25.76,0.20
O00530,P006,3,113.89,0.00
O00530,P015,5,15.07,0.10
O00531,P028,4,119.54,0.05
O00531,P024,4,82.66,0.05
O00531,P002,2,113.20,0.00
O00532,P023,1,77.15,0.10
O00533,P051,3,232.01,0.00
O00534,P005,3,14.37,0.00
O00535,P013,3,66.25,0.15
O00535,P053,3,51.70,0.10
O00535,P009,5,228.52,0.00
O00536,P019,3,196.86,0.05
O00536,P026,5,190.65,0.00
O00536,P031,5,247.36,0.00
O00537,P015,2,182.21,0.00
O00537,P031,2,131.37,0.20
O00537,P036,4,182.01,0.05
O00537,P022,1,81.69,0.00
O00538,P050,4,56.34,0.05
O00538,P055,5,12.37,0.00
O00538,P037,2,79.86,0.15
O00538,P001,4,203.54,0.20
O00539,P022,2,107.68,0.15
O00539,P049,4,191.89,0.15
O00539,P035,3,84.88,0.00
O00540,P060,2,42.64,0.00
O00541,P025,2,237.42,0.00
O00541,P035,4,51.13,0.00
O00541,P022,5,240.66,0.15
O00541,P058,3,27.83,0.00
O00542,P003,5,124.70,0.00
O00542,P013,1,228.27,0.05
O00543,P014,2,76.31,0.10
O00543,P005,4,19.07,0.10
O00543,P001,2,85.05,0.05
O00544,P011,1,36.63,0.05
O00544,P031,1,100.29,0.20
O00544,P014,2,218.25,0.00
O00544,P028,4,43.89,0.10
O00545,P038,2,128.10,0.15
O00545,P030,3,54.41,0.00
O00545,P029,1,207.01,0.10
O00546,P034,3,228.01,0.05
O00546,P030,4,146.14,0.15
O00547,P019,4,89.95,0.20
O00548,P026,5,206.73,0.20
O00548,P012,4,66.03,0.10
O00548,P047,4,117.16,0.15
O00549,P045,5,28.40,0.15
O00549,P003,2,221.95,0.00
O00550,P057,5,76.50,0.00
O00550,P045,2,227.63,0.05
O00550,P049,5,34.69,0.00
O00551,P049,1,128.57,0.20
O00552,P027,4,45.38,0.00
O00552,P033,1,118.22,0.00
O00552,P041,4,98.37,0.15
O00553,P055,2,102.18,0.00
O00553,P017,1,178.72,0.00
O00553,P021,4,123.76,0.00
O00553,P006,5,165.96,0.15
O00554,P009,4,205.99,0.20
O00554,P011,2,210.42,0.10
O00554,P007,2,77.06,0.10
O00554,P048,4,46.26,0.15
O00555,P044,3,42.60,0.00
O00556,P014,1,223.70,0.10
O00556,P014,4,175.69,0.20
O00557,P025,3,113.77,0.10
O00558,P004,4,192.93,0.00
O00559,P059,2,53.99,0.00
O00559,P027,1,247.37,0.00
O00559,P053,2,171.58,0.00
O00560,P057,1,200.24,0.20
O00560,P043,2,182.37,0.00
O00561,P033,1,204.82,0.00
O00561,P036,0,158.03,0.10
O00561,P026,4,34.59,0.00
O00561,P007,3,84.22,0.00
O00562,P042,3,7.93,0.00
O00562,P030,2,21.16,0.20
O00562,P018,5,95.39,0.00
O00562,P057,2,105.71,0.20
O00563,P007,5,198.85,0.20
O00563,P037,2,66.72,0.00
O00563,P039,3,245.44,0.15
O00563,P025,2,86.34,0.15
O00564,P055,4,21.53,0.00
O00564,P039,5,114.97,0.10
O00564,P041,2,128.33,0.15
O00565,,1,156.00,0.00
O00566,P016,4,190.52,0.10
O00566,P006,1,38.69,0.05
O00566,P019,2,42.15,0.00
O00567,P016,5,247.19,0.05
O00568,P009,3,82.79,0.20
O00568,P049,1,132.60,0.05
O00568,P042,3,188.87,0.00
O00569,P022,2,55.42,0.00
O00569,P059,2,201.35,0.15
O00569,P047,2,153.97,0.05
O00570,P012,4,159.29,0.00
O00570,P056,4,22.14,0.00
O00570,P004,2,234.87,0.00
O00571,P999,5,139.46,0.20
O00572,P016,5,24.14,0.15
O00572,P030,3,45.21,0.00
O00573,P028,2,153.42,0.00
O00573,P019,5,114.82,0.15
O00574,P018,4,24.59,0.00
O00574,P026,4,46.09,0.05
O00575,P033,5,185.05,0.20
O00575,P010,4,9.84,0.05
O00575,P028,1,190.91,0.00
O00575,P039,5,42.43,0.15
O00576,P017,4,118.58,0.05
O00576,P019,4,142.71,0.05
O00577,P022,2,180.13,0.00
O00578,P059,2,6.01,0.20
O00578,P033,3,125.40,0.05
O00579,P048,3,99.08,0.00
O00579,P042,5,22.44,0.00
O00579,P059,1,99.27,0.10
O00579,P011,2,191.91,0.00
O00580,P033,4,160.56,0.00
O00580,P045,1,164.46,0.05
O00580,P048,2,64.37,0.00
O00581,P041,1,175.87,0.15
O00581,P010,3,153.32,0.15
O00581,P010,3,65.61,0.10
O00582,P001,1,193.88,0.15
O00582,P046,4,102.42,0.10
O00583,P034,2,219.61,0.00
O00584,P017,3,127.65,0.10
O00584,P043,4,148.58,0.15
O00584,P027,1,31.76,0.10
O00584,P050,3,204.48,0.00
O00585,P060,4,176.25,0.00
O00585,P011,4,5.38,0.00
O00586,P034,4,165.35,0.15
O00586,P028,2,48.21,0.00
O00586,P046,2,53.51,0.00
O00586,P033,1,115.40,0.20
O00587,P012,2,19.44,0.00
O00587,P052,2,68.53,0.20
O00588,P029,5,31.74,1.50
O00588,P011,1,76.81,0.05
O00588,P008,3,20.73,0.00
O00588,P038,2,122.07,0.15
O00589,P001,1,70.18,0.00
O00590,P007,2,132.96,0.00
O00591,P039,5,246.78,0.20
O00591,P018,4,120.93,0.00
O00591,P039,4,87.44,0.15
O00591,P057,3,249.85,0.20
O00592,P024,4,97.71,0.00
O00592,P023,3,202.53,0.00
O00593,P056,4,182.67,0.00
O00593,P002,5,35.10,0.10
O00593,P018,2,95.26,0.10
O00593,P044,4,131.14,0.15
O00594,P001,3,9.06,0.00
O00594,P056,1,242.54,0.15
O00595,P044,4,62.21,0.05
O00595,P026,5,199.51,0.00
O00595,P028,4,246.77,0.20
O00596,P047,4,76.99,0.00
O00597,P056,5,219.67,0.20
O00597,P055,5,12.77,0.05
O00598,P020,5,246.86,0.05
O00599,P058,4,238.98,0.05
O00599,P043,5,64.01,0.00
O00600,P049,1,30.83,0.15
O00600,P002,2,232.60,0.00
O00601,P050,3,58.98,0.00
O00601,P043,4,238.11,0.15
O00601,P008,2,231.06,0.15
O00601,P047,4,27.15,0.15
O00602,P056,2,233.28,0.20
O00602,P060,5,20.83,0.00
O00602,P025,4,165.20,0.20
O00603,P052,2,59.76,0.00
O00603,P019,1,32.28,0.00
O00603,P048,5,234.61,0.15
O00603,P008,5,95.09,0.20
O00604,P025,5,185.53,0.00
O00604,P004,5,136.21,0.20
O00604,,4,83.30,0.00
O00605,P034,5,149.73,0.00
O00605,P026,1,136.87,0.05
O00606,P010,3,210.11,0.05
O00606,P044,4,41.11,0.00
O00606,P010,1,151.72,0.00
O00607,P018,5,122.17,0.20
O00608,P032,3,177.50,0.05
O00608,P004,3,42.40,0.15
O00609,P055,2,176.59,0.00
O00609,P060,2,214.90,0.15
O00610,P020,2,247.80,0.10
O00610,P026,3,108.49,0.05
O00610,P023,4,100.80,0.10
O00610,P047,3,74.17,0.00
O00611,P007,2,84.23,0.20
O00611,P038,1,213.19,0.15
O00611,P020,4,165.38,0.10
O00611,P009,4,175.50,0.00
O00612,P014,2,202.06,0.00
O00612,P048,0,93.74,0.20
O00613,P044,2,97.25,0.05
O00614,P060,1,28.52,0.05
O00614,P012,1,33.74,0.10
O00615,P038,4,242.57,0.15
O00615,P047,4,65.02,0.00
O00615,P016,4,124.70,0.15
O00616,P042,4,195.07,0.20
O00616,P043,1,195.53,0.20
O00617,P018,4,94.98,0.00
O00617,P999,1,34.89,0.15
O00617,P043,5,60.10,0.10
O00617,P037,5,122.47,0.15
O00618,P051,5,49.36,0.05
O00619,P020,5,35.67,0.00
O00619,P005,5,50.29,0.20
O00619,P045,1,101.47,0.20
O00619,P035,5,124.69,0.10
O00620,P049,2,241.58,0.00
O00621,P056,5,175.32,0.00
O00621,P036,4,201.12,0.00
O00622,P009,5,55.52,0.00
O00623,P036,3,213.60,0.00
O00624,P008,5,78.14,0.10
O00625,P028,1,65.83,0.00
O00625,P034,3,166.48,0.05
O00626,P037,4,175.29,0.10
O00626,P059,3,153.50,0.10
O00627,P045,1,167.33,0.00
O00627,P016,1,51.07,0.00
O00628,P009,5,140.25,0.10
O00628,P023,3,36.47,0.10
O00629,P005,5,67.46,0.05
O00629,P042,2,103.00,0.00
O00629,P017,4,235.34,0.00
O00629,P035,2,22.28,0.15
O00630,P041,2,180.03,0.10
O00630,P043,5,153.20,0.05
O00630,P053,2,82.50,0.20
O00631,P025,1,241.17,0.00
O00631,P005,3,35.52,0.00
O00631,P044,5,104.65,0.00
O00631,P041,1,93.88,0.00
O00632,P010,2,72.03,0.00
O00632,P025,2,97.75,0.00
O00632,P051,1,48.04,0.15
O00633,P038,4,28.40,0.00
O00633,P045,5,217.01,0.10
O00633,P018,5,29.26,0.00
O00634,P021,4,49.25,0.20
O00634,P048,5,140.15,0.20
O00635,P031,5,36.25,0.00
O00635,P044,5,179.73,0.15
O00635,P009,2,97.80,0.15
O00635,P018,1,230.01,0.15
O00636,P046,2,171.15,0.05
O00636,P046,4,49.85,0.00
O00636,P052,4,128.04,0.00
O00637,P034,2,79.76,0.20
O00637,P006,3,104.59,0.00
O00637,P055,1,160.49,0.00
O00637,P047,2,236.48,0.00
O00638,P006,3,140.76,0.05
O00639,P028,5,233.44,0.00
O00640,P032,5,172.84,0.15
O00640,P057,5,175.97,0.05
O00640,P001,5,51.59,0.20
O00640,P048,1,179.96,0.15
O00641,P016,5,172.59,0.00
O00641,P039,4,241.33,0.15
O00641,P060,5,226.42,0.00
O00642,P024,2,130.84,0.00
O00643,P032,4,46.76,0.00
O00643,P022,2,208.76,0.20
O00643,P050,1,76.06,0.05
O00643,P019,3,57.19,0.15
O00644,P014,3,232.62,0.15
O00644,,1,234.17,0.10
O00644,P055,4,19.08,0.00
O00644,P040,4,85.49,0.00
O00645,P001,3,223.09,0.00
O00646,P023,1,29.82,0.05
O00646,P013,1,134.62,0.00
O00646,P027,1,228.70,0.00
O00646,P010,3,60.38,0.05
O00647,P020,3,109.93,0.00
O00647,P035,3,31.62,0.05
O00647,P043,4,44.64,0.00
O00648,P001,3,221.47,0.15
O00648,P013,1,51.43,1.50
O00648,P009,4,108.15,0.00
O00648,P058,1,44.27,0.00
O00649,P043,3,34.09,0.05
O00649,P036,4,200.95,0.15
O00649,P009,3,189.01,0.20
O00649,P057,4,127.95,0.15
O00650,P009,1,239.62,0.20
O00650,P002,2,43.10,0.10
O00650,P001,2,17.74,0.20
O00650,P022,4,244.22,0.15
O00651,P028,4,75.91,0.05
O00652,P049,4,65.69,0.00
O00653,P016,3,192.84,0.20
O00653,P017,2,168.24,0.05
O00654,P031,1,176.77,0.10
O00654,P040,2,51.21,0.20
O00655,P015,1,37.40,0.00
O00655,P018,2,232.62,0.05
O00656,P040,2,27.27,0.00
O00657,P027,5,80.07,0.15
O00657,P015,2,87.35,0.05
O00657,P004,5,109.62,0.00
O00657,P020,1,70.96,0.00
O00658,P046,4,65.50,0.00
O00658,P012,1,5.12,0.15
O00658,P048,3,56.92,0.05
O00659,P059,5,29.68,0.00
O00659,P017,4,94.07,0.00
O00659,P008,1,168.88,0.15
O00660,P022,3,186.61,0.00
O00660,P048,5,134.56,0.00
O00661,P042,3,56.45,0.05
O00661,P006,1,36.96,0.15
O00662,P999,5,242.23,0.15
O00663,P013,4,231.74,0.00
O00663,P035,5,89.00,0.15
O00664,P049,2,135.71,0.00
O00664,P003,2,51.96,0.10
O00664,P046,3,223.43,0.20
O00664,P055,5,243.90,0.00
O00665,P041,1,228.15,0.00
O00665,P031,0,133.31,0.10
O00665,P051,1,45.89,0.00
O00665,P045,2,75.96,0.10
O00666,P051,2,186.47,0.05
O00667,P044,5,218.20,0.00
O00667,P011,4,188.92,0.05
O00667,P036,4,103.20,0.00
O00667,P014,2,5.87,0.10
O00668,P038,1,220.38,0.20
O00668,P033,4,128.43,0.15
O00669,P020,2,77.60,0.00
O00669,P036,1,46.91,0.00
O00669,P035,2,76.49,0.15
O00670,P057,3,232.17,0.00
O00670,P056,1,162.38,0.00
O00671,P035,1,5.33,0.00
O00671,P041,5,243.18,0.00
O00672,P046,5,69.68,0.00
O00673,P058,5,77.24,0.00
O00673,P041,1,206.85,0.00
O00673,P047,3,48.29,0.00
O00673,P035,5,31.07,0.15
O00674,P042,3,218.15,0.15
O00674,P039,5,55.50,0.05
O00674,P015,3,70.84,0.10
O00674,P041,4,43.12,0.00
O00675,P024,2,226.02,0.00
O00675,P032,2,117.54,0.20
O00675,P056,2,51.26,0.05
O00675,P047,2,163.64,0.00
O00676,P011,2,205.28,0.15
O00676,P039,2,22.01,0.00
O00676,P028,2,116.47,0.15
O00677,P007,5,38.63,0.20
O00677,P052,1,152.80,0.05
O00677,P025,1,31.95,0.00
O00677,P049,1,37.37,0.20
O00678,P018,2,234.95,0.10
O00679,P051,1,239.61,0.00
O00680,P055,1,54.56,0.05
O00680,P049,5,223.63,0.20
O00680,P011,3,86.27,0.00
O00681,P004,5,174.54,0.15
O00681,,1,10.19,0.00
O00682,P035,3,30.12,0.20
O00683,P010,1,228.47,0.00
O00683,P015,4,99.41,0.00
O00683,P042,3,60.33,0.15
O00683,P025,1,125.49,0.00
O00684,P007,3,92.53,0.10
O00684,P022,1,93.31,0.00
O00685,P039,2,48.62,0.10
O00686,P039,2,171.45,0.00
O00686,P058,3,158.06,0.00
O00686,P023,1,71.41,0.05
O00687,P060,3,203.62,0.15
O00687,P052,1,198.26,0.20
O00687,P060,2,195.55,0.00
O00688,P010,4,114.43,0.20
O00688,P051,4,204.58,0.00
O00688,P037,4,240.09,0.00
O00689,P006,3,248.71,0.00
O00689,P050,4,91.38,0.05
O00690,P031,4,152.42,0.15
O00690,P022,2,201.51,0.15
O00690,P059,2,98.87,0.10
O00690,P032,5,135.76,0.10
O00691,P025,1,147.33,0.05
O00691,P034,5,195.26,0.20
O00692,P045,1,62.61,0.00
O00692,P014,1,93.78,0.05
O00693,P059,1,19.59,0.00
O00693,P024,2,77.19,0.00
O00694,P016,2,207.81,0.00
O00694,P048,2,33.71,0.15
O00694,P046,2,97.47,0.00
O00694,P045,4,96.05,0.15
O00695,P043,5,23.06,0.20
O00696,P002,2,94.47,0.00
O00696,P016,1,8.05,0.20
O00697,P010,2,120.08,0.00
O00697,P048,5,176.14,0.00
O00697,P031,4,182.02,0.05
O00697,P051,1,75.25,0.00
O00698,P057,1,153.01,0.00
O00699,P001,4,209.00,0.15
O00699,P057,4,140.76,0.20
O00700,P059,5,127.95,0.15
O00700,P015,4,233.20,0.00
O00700,P006,5,97.49,0.00
O00701,P026,5,18.71,0.05
O00701,P012,5,153.24,0.00
O00702,P031,3,164.90,0.05
O00702,P053,4,45.37,0.20
O00702,P024,4,52.70,0.00
O00702,P007,1,93.85,0.20
O00703,P002,2,74.13,0.10
O00703,P007,1,56.91,0.00
O00703,P049,3,50.99,0.00
O00704,P016,3,25.82,0.10
O00705,P037,4,16.18,0.00
O00706,P020,1,245.22,0.20
O00707,P026,5,52.74,0.20
O00707,P026,3,243.58,0.15
O00707,P044,1,86.16,0.15
O00708,P999,2,10.79,0.20
O00709,P031,5,217.85,0.00
O00709,P019,2,42.12,0.05
O00709,P006,1,238.43,0.00
O00709,P057,2,202.82,1.50
O00710,P050,2,248.38,0.10
O00710,P034,5,164.58,0.20
O00711,P029,2,88.05,0.00
O00711,P040,4,14.79,0.15
O00711,P050,4,63.57,0.10
O00712,P010,5,158.80,0.05
O00713,P052,1,39.93,0.20
O00714,P036,1,127.22,0.05
O00714,P021,2,233.83,0.00
O00714,P005,3,146.24,0.00
O00715,P005,2,179.10,0.05
O00716,P031,3,191.96,0.05
O00716,P042,2,235.25,0.10
O00716,P032,1,94.04,0.00
O00717,P027,5,229.69,0.00
O00717,P029,3,130.55,0.10
O00717,P021,3,25.45,0.05
O00717,P033,4,69.38,0.15
O00718,P040,1,186.55,0.00
O00719,P010,1,76.20,0.00
O00720,P055,1,59.64,0.20
O00720,P030,0,90.48,0.05
O00720,P042,5,225.52,0.05
O00720,P007,1,49.16,0.00
O00721,P050,4,53.86,0.00
O00721,P005,3,88.88,0.10
O00721,P032,2,177.05,0.05
O00721,P008,3,116.36,0.10
O00722,P031,2,161.84,0.00
O00722,P037,1,247.00,0.20
O00723,,3,198.43,0.05
O00723,P014,1,56.81,0.00
O00723,P049,4,71.10,0.15
O00723,P012,1,39.72,0.00
O00724,P006,3,219.07,0.05
O00724,P056,4,133.56,0.15
O00724,P058,3,50.09,0.00
O00724,P006,4,88.78,0.20
O00725,P011,2,90.56,0.05
O00725,P031,4,136.19,0.20
O00725,P011,4,91.89,0.15
O00726,P053,1,142.41,0.10
O00726,P013,1,182.06,0.10
O00726,P040,2,84.30,0.20
O00726,P047,3,8.47,0.05
O00727,P032,3,32.82,0.15
O00727,P027,3,132.56,0.00
O00728,P054,2,160.39,0.15
O00728,P038,1,13.93,0.15
O00728,P013,4,175.62,0.20
O00728,P011,5,97.49,0.00
O00729,P013,5,238.99,0.00
O00729,P053,3,8.96,0.00
O00730,P045,4,163.97,0.05
O00731,P027,3,91.28,0.10
O00731,P028,5,243.64,0.00
O00731,P008,2,117.40,0.00
O00731,P012,5,150.74,0.10
O00732,P025,3,212.04,0.15
O00732,P044,4,160.35,0.15
O00732,P040,1,248.85,0.20
O00732,P054,1,26.95,0.00
O00733,P007,4,188.73,0.10
O00733,P060,5,29.42,0.05
O00733,P033,5,202.43,0.15
O00733,P019,4,56.90,0.20
O00734,P036,4,33.04,0.20
O00734,P031,1,90.89,0.20
O00734,P059,4,106.16,0.20
O00734,P042,4,6.85,0.00
O00735,P033,3,70.55,0.15
O00735,P017,3,210.42,0.20
O00736,P044,2,6.01,0.05
O00736,P003,1,11.42,0.20
O00736,P024,5,205.90,0.10
O00736,P021,3,46.74,0.10
O00737,P016,5,243.50,0.00
O00737,P040,4,207.98,0.20
O00737,P060,5,110.12,0.15
O00737,P025,2,103.75,0.00
O00738,P028,2,29.39,0.20
O00738,P009,5,33.99,0.10
O00739,P054,3,210.14,0.00
O00739,P021,2,27.84,0.00
O00739,P028,1,159.07,0.10
O00739,P010,1,156.42,0.10
O00740,P037,4,11.19,0.15
O00741,P030,3,50.70,0.15
O00741,P058,2,77.74,0.10
O00742,P047,4,193.74,0.15
O00742,P004,3,25.32,0.00
O00743,P041,5,217.39,0.00
O00744,P060,5,35.05,0.00
O00744,P019,3,224.17,0.00
O00744,P005,4,211.92,0.20
O00744,P014,4,29.65,0.20
O00745,P027,1,124.19,0.15
O00746,P014,4,96.93,0.00
O00747,P052,2,49.04,0.00
O00747,P058,2,166.61,0.15
O00747,P039,1,33.71,0.00
O00747,P023,4,248.74,0.10
O00748,P011,5,186.71,0.00
O00749,P039,1,136.30,0.10
O00749,P033,2,57.99,0.00
O00750,P058,2,12.22,0.00
O00751,P006,2,70.55,0.05
O00751,P013,1,90.39,0.10
O00752,P999,4,111.83,0.05
O00752,P060,2,66.26,0.00
O00752,P044,3,240.65,0.00
O00753,P011,2,238.66,0.05
O00753,P028,4,108.81,0.15
O00753,P018,3,157.60,0.10
O00754,P028,2,143.94,0.00
O00754,P058,1,115.09,0.00
O00754,P033,3,148.77,0.00
O00754,P039,5,91.29,0.00
O00755,P012,3,110.19,0.00
O00756,P016,1,57.71,0.00
O00756,P024,2,195.97,0.00
O00756,P001,3,173.62,0.15
O00757,P014,4,144.02,0.00
O00757,P058,2,142.59,0.05
O00757,P019,5,56.97,0.00
O00758,P036,3,180.48,0.20
O00759,P037,4,172.11,0.05
O00760,,3,53.54,0.00
O00760,P052,4,127.16,0.00
O00760,P027,1,35.39,0.00
O00761,P038,4,62.91,0.00
O00761,P019,1,162.69,0.20
O00761,P037,1,228.34,0.00
O00762,P054,4,14.06,0.10
O00762,P059,5,14.57,0.15
O00763,P005,4,28.29,0.20
O00764,P047,3,72.29,0.20
O00764,P023,4,24.53,0.20
O00764,P021,4,155.01,0.05
O00764,P020,4,125.86,0.15
O00765,P054,3,234.73,0.00
O00766,P015,1,207.23,0.00
O00767,P021,4,60.44,0.00
O00768,P047,3,204.95,0.10
O00768,P001,1,68.61,0.20
O00769,P008,1,237.04,0.00
O00770,P022,5,198.94,0.05
O00770,P018,2,231.58,0.10
O00770,P030,1,35.93,0.20
O00771,P049,5,222.50,0.05
O00771,P041,4,168.71,1.50
O00772,P037,4,167.00,0.00
O00772,P021,0,60.32,0.00
O00773,P046,1,91.48,0.20
O00773,P056,2,166.56,0.15
O00773,P055,2,175.26,0.00
O00774,P004,2,8.21,0.00
O00774,P030,4,51.03,0.00
O00774,P022,2,204.42,0.20
O00774,P034,5,215.31,0.20
O00775,P046,4,165.54,0.20
O00775,P033,1,228.95,0.00
O00775,P059,3,99.46,0.05
O00776,P050,4,51.04,0.00
O00776,P028,2,173.13,0.20
O00777,P010,4,219.66,0.15
O00778,P016,1,224.04,0.00
O00779,P002,4,167.15,0.05
O00779,P023,3,33.98,0.10
O00779,P006,3,110.70,0.00
O00780,P033,4,129.43,0.00
O00780,P029,3,95.59,0.00
O00780,P042,4,184.33,0.05
O00780,P013,3,51.41,0.00
O00781,P034,5,125.93,0.05
O00781,P007,1,163.34,0.00
O00781,P015,1,18.01,0.00
O00782,P016,1,135.36,0.00
O00782,P015,5,176.37,0.05
O00782,P026,4,29.81,0.15
O00783,P032,2,46.89,0.00
O00783,P023,3,177.92,0.00
O00783,P047,1,28.08,0.10
O00784,P048,3,213.87,0.15
O00784,P016,2,82.19,0.00
O00784,P011,2,86.37,0.05
O00784,P010,1,168.17,0.05
O00785,P002,2,243.71,0.00
O00785,P011,1,150.52,0.05
O00785,P038,1,124.63,0.00
O00786,P008,1,205.63,0.10
O00786,P044,3,209.65,0.10
O00786,P033,2,189.96,0.20
O00786,P007,1,79.62,0.15
O00787,P029,4,185.02,0.10
O00787,P017,4,67.11,0.05
O00787,P001,3,78.77,0.00
O00788,P008,3,173.01,0.15
O00788,P041,1,41.23,0.05
O00788,P055,2,166.53,0.00
O00788,P023,4,12.56,0.10
O00789,P024,2,187.36,0.00
O00789,P059,4,161.48,0.00
O00789,P057,5,225.30,0.05
O00789,P057,5,47.85,0.15
O00790,P057,3,100.79,0.05
O00790,P018,3,51.68,0.10
O00790,P034,3,209.36,0.00
O00791,P051,4,143.82,0.20
O00791,P051,3,75.65,0.00
O00791,P032,2,119.24,0.00
O00791,P034,3,157.82,0.15
O00792,P020,4,75.61,0.20
O00792,P019,1,116.19,0.00
O00793,P053,5,35.23,0.05
O00793,P020,1,110.42,0.15
O00793,P054,1,17.22,0.00
O00794,P057,3,197.38,0.10
O00794,P043,5,42.97,0.00
O00794,P046,3,39.94,0.15
O00795,P028,5,229.96,0.00
O00795,P999,1,120.92,0.00
O00796,P052,4,108.52,0.00
O00796,P058,3,230.44,0.10
O00797,,5,111.76,0.00
O00797,P052,5,39.09,0.20
O00797,P013,3,38.23,0.10
O00798,P020,3,25.96,0.10
O00798,P060,4,138.72,0.05
O00799,P007,2,134.00,0.15
O00799,P021,5,234.04,0.15
O00799,P023,4,91.77,0.05
O00799,P027,4,118.00,0.10
O00800,P050,4,26.66,0.00
